ID	Gene	Chr	Pos	Ref	Alt	GDI_phred	GDI_score	pLI_gnomAD
22853	A2ML1-AS1	chr12	8778682	C	T	2.7171	154.47629	0.59273
22855	A2ML1-AS1	chr12	8779097	T	A	2.7171	154.47629	0.59273
22856	A2ML1-AS1	chr12	8783294	A	G	NA	NA	NA
22858	A2ML1-AS1	chr12	8792310	G	T	NA	NA	NA
22859	A2ML1-AS1	chr12	8801773	AATAATAATG	A	NA	NA	NA
22860	A2ML1-AS1	chr12	8803603	C	G	NA	NA	NA
22861	A2ML1-AS1	chr12	8808100	T	C	NA	NA	NA
22862	A2ML1-AS1	chr12	8808101	G	A	NA	NA	NA
22863	A2ML1-AS1	chr12	8808102	C	G	NA	NA	NA
22864	A2ML1-AS1	chr12	8808766	T	A	NA	NA	NA
22865	A2ML1-AS1	chr12	8815768	G	A	NA	NA	NA
22867	A2ML1-AS1	chr12	8824740	A	ATTTTTTTT	18.31932	7253.67873	1.6109e-34
22869	A2ML1-AS1	chr12	8829548	C	T	18.31932	7253.67873	1.6109e-34
